<?xml version="1.0" encoding="UTF-8"?>
<beans xmlns="http://www.springframework.org/schema/beans"
xmlns:xsi="http://www.w3.org/2001/XMLSchema-instance" xmlns:aop="http://www.springframework.org/schema/aop"
xmlns:context="http://www.springframework.org/schema/context" xmlns:tx="http://www.springframework.org/schema/tx"
xsi:schemaLocation="http://www.springframework.org/schema/beans http://www.springframework.org/schema/beans/spring-beans-3.0.xsd
http://www.springframework.org/schema/aop http://www.springframework.org/schema/aop/spring-aop-3.0.xsd
http://www.springframework.org/schema/context http://www.springframework.org/schema/context/spring-context-3.0.xsd
http://www.springframework.org/schema/tx http://www.springframework.org/schema/tx/spring-tx-3.0.xsd"
xmlns:mvc="http://www.springframework.org/schema/mvc">
     
        
        
	<context:component-scan base-package="com.spring.controller" />
    <context:property-placeholder location="classpath:mysql.properties"/>	
	<bean
		class="org.springframework.web.servlet.view.InternalResourceViewResolver">
		<property name="prefix" value="/views/" />
		<property name="suffix" value=".jsp" />
	</bean>
    <bean id="dataSource"
		class="org.springframework.jdbc.datasource.DriverManagerDataSource">
		<property name="driverClassName" value="com.mysql.jdbc.Driver" />
		<property name="url" value="${db.url}" />
		<property name="username" value="${db.username}" />
		<property name="password" value="${db.password}" />
 	</bean>
	
	
	 <bean id="sessionFactory" class="org.springframework.orm.hibernate3.annotation.AnnotationSessionFactoryBean">
        <property name="dataSource" ref="dataSource"></property>  
        <property name="hibernateProperties">  
            <props>  
                <prop key="hibernate.dialect">org.hibernate.dialect.MySQLDialect</prop>  
                <prop key="hibernate.hbm2ddl.auto">update</prop>  
                <prop key="hibernate.show_sql">false</prop>  
                  
            </props>  
        </property>  
        <property name="annotatedClasses">
        <list>
        <value>com.spring.domain.User</value>
        <value>com.spring.domain.Address</value>
        <value>com.spring.domain.Role</value>
         <value>com.spring.domain.Faculty</value>
         <value>com.spring.domain.Senior</value>
         <value>com.spring.domain.Company</value>
        <value>com.spring.domain.Junior</value>
        <value>com.spring.domain.Category</value>
        <value>com.spring.domain.Question</value>
        </list>
        </property>
    </bean>  

    <tx:annotation-driven />
     <bean id="transactionManager" class = "org.springframework.orm.hibernate3.HibernateTransactionManager">
      <property name="sessionFactory" ref = "sessionFactory"></property>
      </bean>  
         <bean id="roleDAO" class="com.spring.dao.RoleDAO">
         <property name = "sessionFactory" ref = "sessionFactory" />        
         </bean> 
          <bean id="userDAO" class="com.spring.dao.UserDAO">
         <property name = "sessionFactory" ref = "sessionFactory" />        
         </bean>  
         <bean id="addressDAO" class="com.spring.dao.AddressDAO">
         <property name = "sessionFactory" ref = "sessionFactory" />        
         </bean>  
          <bean id="facultyDAO" class="com.spring.dao.FacultyDAO">
         <property name = "sessionFactory" ref = "sessionFactory" />        
         </bean> 
          <bean id="seniorDAO" class="com.spring.dao.SeniorDAO">
         <property name = "sessionFactory" ref = "sessionFactory" />        
         </bean> 
         <bean id="juniorDAO" class="com.spring.dao.JuniorDAO">
         <property name = "sessionFactory" ref = "sessionFactory" />        
         </bean>  
          <bean id="categoryDAO" class="com.spring.dao.CategoryDAO">
         <property name = "sessionFactory" ref = "sessionFactory" />        
         </bean>  
          <bean id="questionDAO" class="com.spring.dao.QuestionDAO">
         <property name = "sessionFactory" ref = "sessionFactory" />        
         </bean>  
          <bean id="companyDAO" class="com.spring.dao.CompanyDAO">
         <property name = "sessionFactory" ref = "sessionFactory" />        
         </bean>  
          

</beans>




